n,runtime rrt*,runtime proposed,distance rrt*,distance proposed
0,0.06667613983154297,0.035932064056396484,25.652951105671697,25.69923212039326
1,0.026290416717529297,0.06510353088378906,26.359859274695467,24.216447354508684
